tag,tag_url
change,http://quotes.toscrape.com/tag/change/page/1/
deep-thoughts,http://quotes.toscrape.com/tag/deep-thoughts/page/1/
thinking,http://quotes.toscrape.com/tag/thinking/page/1/
world,http://quotes.toscrape.com/tag/world/page/1/
abilities,http://quotes.toscrape.com/tag/abilities/page/1/
choices,http://quotes.toscrape.com/tag/choices/page/1/
inspirational,http://quotes.toscrape.com/tag/inspirational/page/1/
life,http://quotes.toscrape.com/tag/life/page/1/
live,http://quotes.toscrape.com/tag/live/page/1/
miracle,http://quotes.toscrape.com/tag/miracle/page/1/
miracles,http://quotes.toscrape.com/tag/miracles/page/1/
aliteracy,http://quotes.toscrape.com/tag/aliteracy/page/1/
books,http://quotes.toscrape.com/tag/books/page/1/
classic,http://quotes.toscrape.com/tag/classic/page/1/
humor,http://quotes.toscrape.com/tag/humor/page/1/
be-yourself,http://quotes.toscrape.com/tag/be-yourself/page/1/
adulthood,http://quotes.toscrape.com/tag/adulthood/page/1/
success,http://quotes.toscrape.com/tag/success/page/1/
value,http://quotes.toscrape.com/tag/value/page/1/
love,http://quotes.toscrape.com/tag/love/page/1/
edison,http://quotes.toscrape.com/tag/edison/page/1/
failure,http://quotes.toscrape.com/tag/failure/page/1/
paraphrased,http://quotes.toscrape.com/tag/paraphrased/page/1/
misattributed-eleanor-roosevelt,http://quotes.toscrape.com/tag/misattributed-eleanor-roosevelt/page/1/
obvious,http://quotes.toscrape.com/tag/obvious/page/1/
simile,http://quotes.toscrape.com/tag/simile/page/1/
friends,http://quotes.toscrape.com/tag/friends/page/1/
heartbreak,http://quotes.toscrape.com/tag/heartbreak/page/1/
sisters,http://quotes.toscrape.com/tag/sisters/page/1/
courage,http://quotes.toscrape.com/tag/courage/page/1/
simplicity,http://quotes.toscrape.com/tag/simplicity/page/1/
understand,http://quotes.toscrape.com/tag/understand/page/1/
fantasy,http://quotes.toscrape.com/tag/fantasy/page/1/
navigation,http://quotes.toscrape.com/tag/navigation/page/1/
activism,http://quotes.toscrape.com/tag/activism/page/1/
apathy,http://quotes.toscrape.com/tag/apathy/page/1/
hate,http://quotes.toscrape.com/tag/hate/page/1/
indifference,http://quotes.toscrape.com/tag/indifference/page/1/
opposite,http://quotes.toscrape.com/tag/opposite/page/1/
philosophy,http://quotes.toscrape.com/tag/philosophy/page/1/
friendship,http://quotes.toscrape.com/tag/friendship/page/1/
lack-of-friendship,http://quotes.toscrape.com/tag/lack-of-friendship/page/1/
lack-of-love,http://quotes.toscrape.com/tag/lack-of-love/page/1/
marriage,http://quotes.toscrape.com/tag/marriage/page/1/
unhappy-marriage,http://quotes.toscrape.com/tag/unhappy-marriage/page/1/
contentment,http://quotes.toscrape.com/tag/contentment/page/1/
fate,http://quotes.toscrape.com/tag/fate/page/1/
misattributed-john-lennon,http://quotes.toscrape.com/tag/misattributed-john-lennon/page/1/
planning,http://quotes.toscrape.com/tag/planning/page/1/
plans,http://quotes.toscrape.com/tag/plans/page/1/
poetry,http://quotes.toscrape.com/tag/poetry/page/1/
happiness,http://quotes.toscrape.com/tag/happiness/page/1/
attributed-no-source,http://quotes.toscrape.com/tag/attributed-no-source/page/1/
religion,http://quotes.toscrape.com/tag/religion/page/1/
